Feature,UK_Global_SHAP_%,UK_Global_Rank,Fatal_Importance_%,Fatal_Rank,Serious_Importance_%,Serious_Rank,UK_Stable_SHAP_%,UK_SHAP_SD,UK_Stable_Rank,Evidence_Context_UK,Feature_Group,Ethiopia_Global_SHAP_%,Ethiopia_Global_Rank,Ethiopia_Fatal_SHAP_%,Ethiopia_Fatal_Rank,Ethiopia_Serious_SHAP_%,Ethiopia_Serious_Rank,Ethiopia_Stable_SHAP_%,Ethiopia_SHAP_SD,Ethiopia_Stable_Rank,Evidence_Context_ETH,JS_UK_France,JS_UK_Ethiopia,JS_France_Ethiopia,Mean_JS,Factor_Domain,Modifiability,Fatal_Relevance,Severity_Score,UK_SHAP_CV,Ethiopia_SHAP_CV,Mean_SHAP_CV,Stability_Score,Actionability_Score,CrossCountry_Score,Priority_Score,Priority_Score_100,Priority_Level,Eligible_for_Intervention
junction_common,21.05,1.0,23.01,1.0,20.32,1.0,20.682179540648285,0.1182746407218355,1.0,UK,Accident/Environment,4.543752903931099,12,4.448574173949125,12,3.8246575497997823,11,4.669447684610056,0.1057695934624486,10.6,Ethiopia,0.2666,0.2941,0.4256,0.3288,Road/Infrastructure,Directly modifiable,23.01,1.0,0.005718673918741553,0.02265141417282661,0.01418504404578408,0.9860133570998079,1.0,1.0,0.9965033392749519,99.7,Priority I — High,Yes
vehicle_count,16.37,2.0,14.9,2.0,8.75,6.0,16.502467106579864,0.3030883235237271,2.0,UK,Accident/Environment,8.797185418394083,2,5.398914040854209,7,10.89001970889555,2,9.27640423139188,0.1365215985511972,2.0,Ethiopia,0.0735,0.1605,0.2238,0.1526,Vehicle/Collision,Indirectly modifiable,14.9,0.6475445458496306,0.018366243154205694,0.014717081656403064,0.01654166240530438,0.9837275116042327,0.6,1.0,0.7725724689484289,77.3,Priority I — High,Yes
surface_common,6.22,8.0,6.42,8.0,4.89,9.0,5.224200625336482,0.3327794857575943,8.6,UK,Accident/Environment,2.292962202656644,16,2.4212999864913183,15,2.183603041473171,17,2.2537577184171225,0.0859886661919781,16.2,Ethiopia,0.1229,0.1324,0.0908,0.1154,Road/Infrastructure,Directly modifiable,6.42,0.2790091264667536,0.06369959915851443,0.038153464983969244,0.05092653207124184,0.9515413013972803,1.0,1.0,0.7355385196126839,73.6,Priority I — High,Yes
Area_accident_occured,,,,,,,,,,,Accident/Environment,13.598588633379482,1,14.951736208640314,1,10.98948627291885,1,13.967213666926062,0.4422969649752246,1.0,Ethiopia,,,,,Road/Infrastructure,Partly modifiable,14.951736208640314,0.6497929686501657,,0.03166680023107045,0.03166680023107045,0.9693052056885247,0.75,0.5,0.7322538404496891,73.2,Priority I — High,Yes
light_common,6.78,7.0,7.23,7.0,6.48,8.0,6.755767680547261,0.2025381768341415,7.0,UK,Accident/Environment,4.751896182445599,10,4.782418119489543,11,5.750499939397012,7,4.624168288228228,0.1772758113098567,10.4,Ethiopia,0.2271,0.1349,0.268,0.21,Temporal/Environmental,Directly/partly modifiable,7.23,0.31421121251629724,0.029980038747829556,0.03833679923828654,0.03415841899305805,0.9669698390829544,0.9,1.0,0.7267163841514427,72.7,Priority I — High,Yes
weather_common,13.16,3.0,14.39,3.0,10.88,3.0,13.102962945806803,0.3925854485079583,3.0,UK,Accident/Environment,4.604063753883978,11,4.810539444004922,10,2.9518101161095687,14,4.506988944543654,0.1895378616648355,11.2,Ethiopia,0.1425,0.0302,0.1436,0.1054,Temporal/Environmental,Not modifiable — targetable,14.39,0.625380269448066,0.029961578166073734,0.04205421047111683,0.03600789431859528,0.965243610095965,0.45,1.0,0.7226939968308144,72.3,Priority I — High,Yes
has_motorcycle,11.05,4.0,8.47,5.0,8.84,5.0,11.551300691874356,0.4403152707496446,4.0,UK,Accident/Environment,0.1621502876653854,23,0.1820664857947392,23,0.1501017405980827,23,0.1342716073062485,0.0102428260397573,23.0,Ethiopia,0.1443,0.2191,0.3514,0.2383,Vehicle/Collision,Indirectly modifiable,8.47,0.3681008257279444,0.03811824161580175,0.07628437795039812,0.05720130978309994,0.9458936446126466,0.6,1.0,0.6653087001579422,66.5,Priority I — High,Yes
has_two_wheeler,8.01,6.0,7.3,6.0,19.92,2.0,8.063983865299779,0.1890255409382901,6.0,UK,Accident/Environment,0.0,24,0.0,24,0.0,24,0.0,0.0,24.0,Ethiopia,0.0756,0.2883,0.2233,0.1957,Vehicle/Collision,Indirectly modifiable,7.3,0.3172533681008257,0.023440714179958626,,0.023440714179958626,0.9770961679995888,0.6,1.0,0.6553127208351862,65.5,Priority I — High,Yes
hour,8.46,5.0,8.91,4.0,8.98,4.0,8.543671836514289,0.1305530132606571,5.0,UK,Accident/Environment,5.716287114607423,7,5.870783355969349,6,6.353405698292218,5,5.711907874739919,0.1776532191223729,7.0,Ethiopia,0.0878,0.0504,0.0824,0.0735,Temporal/Environmental,Not modifiable — targetable,8.91,0.3872229465449804,0.015280668049853504,0.0311022556767798,0.02319146186331665,0.9773341913730563,0.45,1.0,0.6423615791340072,64.2,Priority II — Targeted,Yes
day_common,5.3,9.0,5.45,9.0,6.85,7.0,5.296656781207793,0.1661909859066856,8.4,UK,Accident/Environment,7.285744600227812,4,7.471495656341349,4,8.911015242122842,4,7.491360716333017,0.1543867894234006,3.4,Ethiopia,0.0224,0.0137,0.0123,0.0161,Temporal/Environmental,Not modifiable — targetable,7.471495656341349,0.3247064605102716,0.031376582016097554,0.020608644446502122,0.025992613231299838,0.9746658865803745,0.45,1.0,0.6198137328236887,62.0,Priority II — Targeted,Yes
Driving_experience,,,,,,,,,,,Driver,6.122055855748403,6,6.634699359272497,5,5.993561579452653,6,6.023457519928345,0.1749096828546455,6.0,Ethiopia,,,,,Driver,Partly modifiable,6.634699359272497,0.2883398243925466,,0.02903808689211545,0.02903808689211545,0.9717813293190967,0.75,0.5,0.6063642708671655,60.6,Priority II — Targeted,Yes
Cause_of_accident,,,,,,,,,,,Accident/Environment,4.848525610469091,9,4.949390062436971,9,5.340711366951332,9,4.805937933349481,0.1808821493046615,9.2,Ethiopia,,,,,Crash/Behavioral,Potentially modifiable,4.949390062436971,0.21509735169217606,,0.03763722124863072,0.03763722124863072,0.9637279576350005,0.85,0.5,0.6037160625010117,60.4,Priority II — Targeted,Yes
Road_surface_type,,,,,,,,,,,Accident/Environment,1.793776326978851,18,2.002282750102769,18,1.6277391867751778,19,1.716095245652454,0.0577114312696963,18.6,Ethiopia,,,,,Road/Infrastructure,Directly modifiable,2.002282750102769,0.08701793785757361,,0.03362950361636518,0.03362950361636518,0.9674646442475708,1.0,0.5,0.5973224393120434,59.7,Priority II — Targeted,Yes
Road_allignment,,,,,,,,,,,Accident/Environment,1.6793119284874165,19,1.85983188814076,20,1.222758158503442,20,1.635840981192287,0.0559302717180003,19.4,Ethiopia,,,,,Road/Infrastructure,Directly modifiable,1.85983188814076,0.0808271137827362,,0.03419053096300068,0.03419053096300068,0.9669398143385014,1.0,0.5,0.595024443408583,59.5,Priority II — Targeted,Yes
has_heavy_vehicle,3.02,10.0,3.32,10.0,3.28,10.0,3.659461819758134,0.2896694048942988,10.0,UK,Accident/Environment,0.7818628900408601,21,0.7595481567740149,21,0.7878256131376971,21,0.7956854498889694,0.0287977090506215,21.0,Ethiopia,0.0193,0.2693,0.252,0.1802,Vehicle/Collision,Indirectly modifiable,3.32,0.1442850934376358,0.07915628558557937,0.03619232833105086,0.057674306958315116,0.9454706363018534,0.6,1.0,0.5868674417786359,58.7,Priority II — Targeted,Yes
vehicle_category,,,,,,,,,,,Accident/Environment,5.109863654864517,8,5.262306018638358,8,3.6264240507462007,12,4.84211936238826,0.0674457443142595,8.8,Ethiopia,,,,,Vehicle/Collision,Indirectly modifiable,5.262306018638358,0.22869648060140624,,0.01392897185438103,0.01392897185438103,0.9862623790807493,0.6,0.5,0.5516093629806794,55.2,Priority II — Targeted,Yes
Age_band_of_driver,,,,,,,,,,,Driver,7.424754425195114,3,7.927675805455057,2,4.268316894428752,10,7.051709360399127,0.3144895293330148,4.4,Ethiopia,,,,,Driver,Not modifiable — targetable,7.927675805455057,0.3445317603413758,,0.0445976306254367,0.0445976306254367,0.9573064026588548,0.45,0.5,0.5474127167841952,54.7,Priority II — Targeted,Yes
has_public_transport,0.57,11.0,0.6,11.0,0.82,11.0,0.6173471064269588,0.0644122394626148,11.0,UK,Accident/Environment,0.4250243128354018,22,0.4046848549872351,22,0.5378437220535731,22,0.4056024019656979,0.0057837938315111,22.0,Ethiopia,0.0419,0.1631,0.2008,0.1353,Vehicle/Collision,Indirectly modifiable,0.6,0.026075619295958277,0.1043371529436912,0.014259762278232859,0.05929845761096203,0.9440210101459998,0.6,1.0,0.5451317192900853,54.5,Priority II — Targeted,Yes
Type_of_collision,,,,,,,,,,,Accident/Environment,4.054766393060287,13,2.73922787550521,13,5.579542273964144,8,4.170996681868269,0.0993349342712536,12.8,Ethiopia,,,,,Vehicle/Collision,Indirectly modifiable,2.73922787550521,0.11904510541091742,,0.023815634930392605,0.023815634930392605,0.9767383558935279,0.6,0.5,0.510850375867203,51.1,Priority II — Targeted,Yes
Vehicle_driver_relation,,,,,,,,,,,Driver,2.6092188336095066,14,2.735810066173979,14,2.401645589068854,16,2.44709310138429,0.0882444008507229,14.2,Ethiopia,,,,,Driver,Indirectly modifiable,2.735810066173979,0.11889656958600517,,0.03606090867601406,0.03606090867601406,0.9651942193996139,0.6,0.5,0.5079123542050052,50.8,Priority II — Targeted,Yes
Educational_level,,,,,,,,,,,Driver,2.3508291319531933,15,2.3425899697037806,16,3.321852748828541,13,2.288411209821528,0.0431822470293179,15.4,Ethiopia,,,,,Driver,Indirectly modifiable,2.3425899697037806,0.10180747369421037,,0.01886996831862472,0.01886996831862472,0.9814795126901575,0.6,0.5,0.506002493965513,50.6,Priority II — Targeted,Yes
Vehicle_movement,,,,,,,,,,,Accident/Environment,2.272062370711448,17,2.269436547439584,17,2.620379885243368,15,2.254732687771948,0.0868708238190328,16.2,Ethiopia,,,,,Vehicle/Collision,Indirectly modifiable,2.269436547439584,0.09862827237894758,,0.038528214138269165,0.038528214138269165,0.9629011387329149,0.6,0.5,0.5002451800158604,50.0,Priority II — Targeted,Yes
Drivers_gender,,,,,,,,,,,Driver,1.658176281526181,20,1.8742123876734051,19,1.6709567856792438,18,1.6527615605094514,0.0810074015373848,19.0,Ethiopia,,,,,Driver,Not modifiable — targetable,1.8742123876734051,0.08145208116790113,,0.04901336252787418,0.04901336252787418,0.953276703349361,0.45,0.5,0.4543274042461056,45.4,Priority II — Targeted,Yes
Number_of_casualties,,,,,,,,,,,Accident/Environment,7.117140887328224,5,7.900476786161509,3,8.995842835559955,3,7.274035771383699,0.433412365835989,4.2,Ethiopia,,,,,Crash Consequence,Outcome-related,7.900476786161509,0.3433497082208391,,0.059583480128190716,0.059583480128190716,0.9437670733400051,0.0,0.5,0.431114166212295,43.1,Priority III — Monitoring,No
