Scenario,Feature,Sensitivity_Priority_Score,Sensitivity_Rank
Primary,junction_common,99.6503339274952,1
Primary,vehicle_count,77.2572468948429,2
Primary,surface_common,73.55385196126839,3
Primary,Area_accident_occured,73.2253840449689,4
Primary,light_common,72.67163841514427,5
Primary,weather_common,72.26939968308143,6
Primary,has_motorcycle,66.53087001579422,7
Primary,has_two_wheeler,65.53127208351862,8
Primary,hour,64.23615791340072,9
Primary,day_common,61.98137328236887,10
Primary,Driving_experience,60.63642708671655,11
Primary,Cause_of_accident,60.37160625010117,12
Primary,Road_surface_type,59.732243931204344,13
Primary,Road_allignment,59.5024443408583,14
Primary,has_heavy_vehicle,58.686744177863595,15
Primary,vehicle_category,55.160936298067945,16
Primary,Age_band_of_driver,54.74127167841952,17
Primary,has_public_transport,54.51317192900853,18
Primary,Type_of_collision,51.085037586720304,19
Primary,Vehicle_driver_relation,50.79123542050053,20
Primary,Educational_level,50.6002493965513,21
Primary,Vehicle_movement,50.02451800158604,22
Primary,Drivers_gender,45.432740424610564,23
Primary,Number_of_casualties,43.111416621229495,24
Severity_Emphasis,junction_common,99.72026714199616,1
Severity_Emphasis,vehicle_count,75.81405479531803,2
Severity_Emphasis,surface_common,66.58623671894954,5
Severity_Emphasis,Area_accident_occured,71.12678770302794,4
Severity_Emphasis,light_common,66.47890134489248,6
Severity_Emphasis,weather_common,71.44698432708228,3
Severity_Emphasis,has_motorcycle,62.48241005001043,7
Severity_Emphasis,has_two_wheeler,60.81832492452893,9
Severity_Emphasis,hour,60.97171642198524,8
Severity_Emphasis,day_common,58.10510845456971,10
Severity_Emphasis,Driving_experience,54.91091868404653,11
Severity_Emphasis,Cause_of_accident,53.45393997884793,12
Severity_Emphasis,Road_surface_type,50.765100088542226,15
Severity_Emphasis,Road_allignment,50.47601640699316,16
Severity_Emphasis,has_heavy_vehicle,52.402241930730675,13
Severity_Emphasis,vehicle_category,49.51658920867827,17
Severity_Emphasis,Age_band_of_driver,51.15005726853901,14
Severity_Emphasis,has_public_transport,47.05382307123812,18
Severity_Emphasis,Type_of_collision,44.39179686136184,19
Severity_Emphasis,Vehicle_driver_relation,44.15423001936251,20
Severity_Emphasis,Educational_level,43.710926570042616,21
Severity_Emphasis,Vehicle_movement,43.196295031710946,22
Severity_Emphasis,Drivers_gender,39.230877719542775,24
Severity_Emphasis,Number_of_casualties,41.826078336737865,23
Actionability_Emphasis,junction_common,99.72026714199616,1
Actionability_Emphasis,vehicle_count,75.10088660757357,4
Actionability_Emphasis,surface_common,77.40109982194822,2
Actionability_Emphasis,Area_accident_occured,72.62989317327546,5
Actionability_Emphasis,light_common,75.265733157148,3
Actionability_Emphasis,weather_common,68.81628028536129,6
Actionability_Emphasis,has_motorcycle,65.96089766409126,7
Actionability_Emphasis,has_two_wheeler,65.05952440301654,8
Actionability_Emphasis,hour,61.91337222381053,12
Actionability_Emphasis,day_common,59.98451154691564,14
Actionability_Emphasis,Driving_experience,61.835821318158324,13
Actionability_Emphasis,Cause_of_accident,62.97747970346529,11
Actionability_Emphasis,Road_surface_type,64.45983102067862,9
Actionability_Emphasis,Road_allignment,64.26360970025212,10
Actionability_Emphasis,has_heavy_vehicle,59.23796552916614,15
Actionability_Emphasis,vehicle_category,55.086141999657166,17
Actionability_Emphasis,Age_band_of_driver,52.73208086341836,18
Actionability_Emphasis,has_public_transport,55.66268878179874,16
Actionability_Emphasis,Type_of_collision,51.60612028019808,19
Actionability_Emphasis,Vehicle_driver_relation,51.37078147557242,20
Actionability_Emphasis,Educational_level,51.183814464629464,21
Actionability_Emphasis,Vehicle_movement,50.716870946026724,22
Actionability_Emphasis,Drivers_gender,44.759096502024256,23
Actionability_Emphasis,Number_of_casualties,36.67583271342528,24
Stability_Emphasis,junction_common,99.51046749849327,1
Stability_Emphasis,vehicle_count,80.85679928163707,2
Stability_Emphasis,surface_common,76.67421934290742,3
Stability_Emphasis,Area_accident_occured,75.91947125860334,6
Stability_Emphasis,light_common,76.27028074339233,5
Stability_Emphasis,weather_common,76.54493443680074,4
Stability_Emphasis,has_motorcycle,71.14930233328096,7
Stability_Emphasis,has_two_wheeler,70.71596692301037,8
Stability_Emphasis,hour,69.82338509440639,9
Stability_Emphasis,day_common,67.85449984562125,10
Stability_Emphasis,Driving_experience,65.16254125794477,11
Stability_Emphasis,Cause_of_accident,64.6833990679903,12
Stability_Emphasis,Road_surface_type,63.971800684392186,14
Stability_Emphasis,Road_allignment,63.767706915329626,15
Stability_Emphasis,has_heavy_vehicle,64.42002507369395,13
Stability_Emphasis,vehicle_category,60.88007768586841,16
Stability_Emphasis,Age_band_of_driver,60.34167690330119,18
Stability_Emphasis,has_public_transport,60.82300393398874,17
Stability_Emphasis,Type_of_collision,57.257195618600996,19
Stability_Emphasis,Vehicle_driver_relation,56.848694766566645,21
Stability_Emphasis,Educational_level,56.90600715498182,20
Stability_Emphasis,Vehicle_movement,56.160388027020446,22
Stability_Emphasis,Drivers_gender,52.30824705226467,23
Stability_Emphasis,Number_of_casualties,50.83233881352535,24
CrossCountry_Emphasis,junction_common,99.72026714199616,1
CrossCountry_Emphasis,vehicle_count,81.10088660757357,2
CrossCountry_Emphasis,surface_common,77.40109982194822,3
CrossCountry_Emphasis,Area_accident_occured,68.87989317327548,9
CrossCountry_Emphasis,light_common,76.765733157148,5
CrossCountry_Emphasis,weather_common,77.06628028536129,4
CrossCountry_Emphasis,has_motorcycle,71.96089766409126,6
CrossCountry_Emphasis,has_two_wheeler,71.05952440301655,7
CrossCountry_Emphasis,hour,70.16337222381054,8
CrossCountry_Emphasis,day_common,68.23451154691564,10
CrossCountry_Emphasis,Driving_experience,58.08582131815834,13
CrossCountry_Emphasis,Cause_of_accident,57.7274797034653,14
CrossCountry_Emphasis,Road_surface_type,56.95983102067863,15
CrossCountry_Emphasis,Road_allignment,56.76360970025212,16
CrossCountry_Emphasis,has_heavy_vehicle,65.23796552916615,11
CrossCountry_Emphasis,vehicle_category,53.58614199965718,17
CrossCountry_Emphasis,Age_band_of_driver,53.48208086341837,18
CrossCountry_Emphasis,has_public_transport,61.66268878179875,12
CrossCountry_Emphasis,Type_of_collision,50.106120280198084,19
CrossCountry_Emphasis,Vehicle_driver_relation,49.870781475572436,20
CrossCountry_Emphasis,Educational_level,49.683814464629464,21
CrossCountry_Emphasis,Vehicle_movement,49.216870946026724,22
CrossCountry_Emphasis,Drivers_gender,45.50909650202426,23
CrossCountry_Emphasis,Number_of_casualties,44.17583271342528,24
Equal_Weights,junction_common,99.6503339274952,1
Equal_Weights,vehicle_count,80.78180143634658,2
Equal_Weights,surface_common,80.76376069660085,3
Equal_Weights,Area_accident_occured,71.72745435846726,8
Equal_Weights,light_common,79.52952628998129,4
Equal_Weights,weather_common,76.01559698860078,5
Equal_Weights,has_motorcycle,72.84986175851478,6
Equal_Weights,has_two_wheeler,72.35873840251035,7
Equal_Weights,hour,70.36392844795091,9
Equal_Weights,day_common,68.73430867726616,10
Equal_Weights,Driving_experience,62.75302884279108,16
Equal_Weights,Cause_of_accident,63.220632733179414,15
Equal_Weights,Road_surface_type,63.86206455262862,13
Equal_Weights,Road_allignment,63.69417320303094,14
Equal_Weights,has_heavy_vehicle,67.24389324348724,11
Equal_Weights,vehicle_category,57.87397149205389,17
Equal_Weights,Age_band_of_driver,56.29595407500576,18
Equal_Weights,has_public_transport,64.25241573604895,12
Equal_Weights,Type_of_collision,54.894586532611136,19
Equal_Weights,Vehicle_driver_relation,54.60226972464047,20
Equal_Weights,Educational_level,54.582174659609194,21
Equal_Weights,Vehicle_movement,54.038235277796566,22
Equal_Weights,Drivers_gender,49.618219612931554,23
Equal_Weights,Number_of_casualties,44.677919539021104,24
